12v panel, https://www.4wdsupacentre.com.au/adventure-kings-12v-accessory-panel.html
12v panel + Control Box, https://www.4wdsupacentre.com.au/12v-control-box-12v-accessory-panel.html
12v Compact Control Box, https://www.4wdsupacentre.com.au/12v-compact-control-box.html
12v Control Box, https://www.4wdsupacentre.com.au/12v-control-box.html
24Ah battery, https://www.4wdsupacentre.com.au/24ah-lithium-portable-power-pack.html
hot water, https://www.4wdsupacentre.com.au/products/gas-hot-water-system/gas-hot-water-system-v2.html
fire pit - Big, https://www.4wdsupacentre.com.au/adventure-kings-fire-pit.html
fire pit - Small, https://www.4wdsupacentre.com.au/kings-premium-stainless-steel-folding-firepit-steel-baseplate-sets-up-in-seconds-inc-storage-bag.html
200w solar with lead, https://au.adventurekings.com/200w-solar-blanket-6m-lead-kit.html
Chair Sofa x2, https://www.4wdsupacentre.com.au/2-x-adventure-kings-sofa-chair.html
Chair Sofa x1, https://www.4wdsupacentre.com.au/kings-deluxe-sofa-camping-chair.html
Chair Throne x1, https://www.4wdsupacentre.com.au/adventure-kings-camp-chair.html
Chair Throne x2, https://www.4wdsupacentre.com.au/2x-adventure-kings-camp-chairs.html
Chair Essential x1, https://www.4wdsupacentre.com.au/essential-camping-chair.html
Chair Essential x2, https://www.4wdsupacentre.com.au/2x-essential-camping-chair.html
Chair Delux x1, https://www.4wdsupacentre.com.au/kings-deluxe-outdoor-armchair.html
Chair Delux + Table, https://www.4wdsupacentre.com.au/kings-deluxe-arm-chair-aluminium-roll-up-camping-table.html
Roof Tent Over Edge, https://www.4wdsupacentre.com.au/adventure-kings-roof-top-tent.html
Roof Tent On Top Rooftop Hard Shell, https://www.4wdsupacentre.com.au/kings-kwiky-mkii-hard-shell-rooftop-tent-improved-internal-bracing-2min-setup-100-waterproof-50mm-mattress.html
Cable 6m, https://www.4wdsupacentre.com.au/solar-extension-lead-6-metre-v2.html
Cable 12m, https://www.4wdsupacentre.com.au/kings-12m-solar-extension-cable.html
MPPT 40 amp, https://www.4wdsupacentre.com.au/premium-40-amp-mppt-solar-regulator.html
MPPT 20 amp, https://www.4wdsupacentre.com.au/premium-mppt-solar-regulator.html
120Ah + box + 6m lead, https://www.4wdsupacentre.com.au/120ah-lithium-battery-battery-box-small-6m-solar-extension-lead.html
160w x2 solar panel, https://www.4wdsupacentre.com.au/2x-adventure-kings-160w-fixed-solar-panel.html
160w solar + brackets, https://www.4wdsupacentre.com.au/adventure-kings-160w-fixed-solar-panel-mounting-brackets.html
160w solar + 6m lead, https://www.4wdsupacentre.com.au/adventure-kings-160w-fixed-solar-panel-6m-lead-for-solar-panel-extension.html
160w solar + brackets + 6m lead, https://www.4wdsupacentre.com.au/160w-fixed-solar-panel-solar-panel-mounting-brackets-6m-extension-lead.html
solar mounting brackets, https://www.4wdsupacentre.com.au/solar-panel-mounting-brackets-to-suit-kings-110w-fixed-solar-panel-mounting-hardware-incl-stainless-steel-adventure-kings.html
